{
    "best_params": [
        1.6948144802903495,
        0.7751521847992457,
        0.2796910002727695,
        0.3024565773937787
    ],
    "objective_value": 1.7
}